"","yr","yr.mean","lag","mse","total_cpue","mid.run"
"43",2021,"29-Jul",0,8.75617676257128e-05,8300.74162169436,"07/29"
"37",2015,"25-Jul",0,9.97054500503264e-05,16491.0266335876,"07/25"
"29",2006,"24-Jul",0,0.000277306022273653,4755.62574179653,"07/24"
"41",2019,"21-Jul",0,0.000347975844960912,3920.0438780686,"07/21"
"17",1994,"19-Jul",0,0.000430474810313296,3550.41914308759,"07/19"
