"","yr","yr.mean","lag","mse","total_cpue","mid.run"
"6",1983,"15-Jul",0,0.0008421537197099,2520.91850088351,"07/15"
"26",2003,"14-Jul",0,0.000861462408495244,2362.13947597989,"07/14"
"18",1995,"15-Jul",0,0.000894827075438953,2437.16834731528,"07/15"
"36",2014,"16-Jul",0,0.000954208532660924,2609.94434206577,"07/16"
"9",1986,"16-Jul",0,0.000994031497738435,2534.5769689619,"07/16"
